version,expiration_s,expiration_us,expiration_iso
32.0,1414231806.296,1414231806296000,2014-10-25T10:10:06.296000Z
32.0.1,1414231806.296,1414231806296000,2014-10-25T10:10:06.296000Z
32.0.2,1414231806.296,1414231806296000,2014-10-25T10:10:06.296000Z
32.0.3,1414231806.296,1414231806296000,2014-10-25T10:10:06.296000Z
33.0,1417860603.051,1417860603051000,2014-12-06T10:10:03.051000Z
33.0.1,1417860603.051,1417860603051000,2014-12-06T10:10:03.051000Z
33.0.2,1417860603.051,1417860603051000,2014-12-06T10:10:03.051000Z
33.0.3,1417860603.051,1417860603051000,2014-12-06T10:10:03.051000Z
33.1,1417860603.051,1417860603051000,2014-12-06T10:10:03.051000Z
33.1.1,1417860603.051,1417860603051000,2014-12-06T10:10:03.051000Z
34.0,1421489410.706,1421489410706000,2015-01-17T10:10:10.706000Z
34.0.5,1421489410.706,1421489410706000,2015-01-17T10:10:10.706000Z
35.0,1425121879.038,1425121879038000,2015-02-28T11:11:19.038000Z
35.0.1,1425121879.038,1425121879038000,2015-02-28T11:11:19.038000Z
36.0,1429355567.037,1429355567037000,2015-04-18T11:12:47.037000Z
36.0.1,1429355567.037,1429355567037000,2015-04-18T11:12:47.037000Z
36.0.3,1429355567.037,1429355567037000,2015-04-18T11:12:47.037000Z
36.0.4,1429355567.037,1429355567037000,2015-04-18T11:12:47.037000Z
37.0,1432984661.773,1432984661773000,2015-05-30T11:17:41.773000Z
37.0.1,1432984661.773,1432984661773000,2015-05-30T11:17:41.773000Z
37.0.2,1432984661.773,1432984661773000,2015-05-30T11:17:41.773000Z
38.0,1436005107.656,1436005107656000,2015-07-04T10:18:27.656000Z
38.0.1,1436005107.656,1436005107656000,2015-07-04T10:18:27.656000Z
38.0.5,1436005107.656,1436005107656000,2015-07-04T10:18:27.656000Z
39.0,1439634126.134,1439634126134000,2015-08-15T10:22:06.134000Z
39.0.3,1439634126.134,1439634126134000,2015-08-15T10:22:06.134000Z
40.0,1443867909.772,1443867909772000,2015-10-03T10:25:09.772000Z
40.0.2,1443867909.772,1443867909772000,2015-10-03T10:25:09.772000Z
40.0.3,1443867909.772,1443867909772000,2015-10-03T10:25:09.772000Z
41.0,1447496763.931,1447496763931000,2015-11-14T10:26:03.931000Z
41.0.1,1447496763.931,1447496763931000,2015-11-14T10:26:03.931000Z
41.0.2,1447496763.931,1447496763931000,2015-11-14T10:26:03.931000Z
42.0,1451126224.796,1451126224796000,2015-12-26T10:37:04.796000Z
43.0,1454150248.246,1454150248246000,2016-01-30T10:37:28.246000Z
43.0.1,1454150248.246,1454150248246000,2016-01-30T10:37:28.246000Z
43.0.2,1454150248.246,1454150248246000,2016-01-30T10:37:28.246000Z
43.0.3,1454150248.246,1454150248246000,2016-01-30T10:37:28.246000Z
43.0.4,1454150248.246,1454150248246000,2016-01-30T10:37:28.246000Z
44.0,1456573179.214,1456573179214000,2016-02-27T11:39:39.214000Z
44.0.1,1456573179.214,1456573179214000,2016-02-27T11:39:39.214000Z
44.0.2,1456573179.214,1456573179214000,2016-02-27T11:39:39.214000Z
45.0,1462018996.035,1462018996035000,2016-04-30T12:23:16.035000Z
45.0.1,1462018996.035,1462018996035000,2016-04-30T12:23:16.035000Z
45.0.2,1462018996.035,1462018996035000,2016-04-30T12:23:16.035000Z
46.0,1465730405.982,1465730405982000,2016-06-12T11:20:05.982000Z
46.0.1,1465730405.982,1465730405982000,2016-06-12T11:20:05.982000Z
47.0,1469879426.859,1469879426859000,2016-07-30T11:50:26.859000Z
47.0.1,1469879426.859,1469879426859000,2016-07-30T11:50:26.859000Z
47.0.2,1480378940.0,1480378940000000,2016-11-29T00:22:20Z
48.0,1473508746.02,1473508746020000,2016-09-10T11:59:06.020000Z
48.0.1,1473508746.02,1473508746020000,2016-09-10T11:59:06.020000Z
48.0.2,1473508746.02,1473508746020000,2016-09-10T11:59:06.020000Z
49.0,1481978883.086,1481978883086000,2016-12-17T12:48:03.086000Z
49.0.1,1481978883.086,1481978883086000,2016-12-17T12:48:03.086000Z
49.0.2,1481978883.086,1481978883086000,2016-12-17T12:48:03.086000Z
50.0,1487105336.0,1487105336000000,2017-02-14T20:48:56Z
50.0.1,1487105336.0,1487105336000000,2017-02-14T20:48:56Z
50.0.2,1487105336.0,1487105336000000,2017-02-14T20:48:56Z
50.1.0,1487105336.0,1487105336000000,2017-02-14T20:48:56Z
51.0,1490659200.0,1490659200000000,2017-03-28T00:00:00Z
51.0.1,1490659200.0,1490659200000000,2017-03-28T00:00:00Z
52.0,1493565000.835,1493565000835000,2017-04-30T15:10:00.835000Z
